user_id,name,email,signup_date
3631,Mark Harper,phelpsana@company.org,2022-06-20T21:22:12
7318,Amber Reynolds,ubaxter@company.org,2024-06-03T06:30:52
8662,Denise Webb,jeremywilson@company.org,2020-02-05T20:53:34
7973,Suzanne Wilson,ulowery@outlook.com,2023-09-22T20:46:13
2209,Grace White MD,williamselizabeth@outlook.com,2022-03-11T23:08:23
5657,Brad Roy,xsanchez@company.org,2021-05-13T05:41:37
6064,Nicholas Gordon,ymurphy@company.org,2021-04-05T23:05:11
8329,Mark Woods,jamie06@yahoo.com,2021-11-27T21:19:55
8346,Todd Haley,reedjamie@example.com,2022-10-30T11:32:18
6885,David Phillips,jaime49@gmail.com,2023-07-14T05:47:22
5841,Matthew Miller,deborah17@gmail.com,2023-04-18T04:08:12
9932,Michael Lloyd,calderoncourtney@yahoo.com,2020-02-05T02:41:50
7053,Sara Simpson,brian12@yahoo.com,2024-10-15T10:51:45
9541,Jonathan Hampton,margaret35@outlook.com,2023-01-06T00:01:06
3590,Cindy Lewis,blevinswhitney@outlook.com,2020-04-01T11:52:17
6835,Jacqueline Hill,ssantos@gmail.com,2021-09-08T09:52:31
4564,April Taylor,reynoldswilliam@example.com,2024-10-30T16:57:33
6227,Aaron Peck,benjaminpetersen@company.org,2020-06-24T15:50:44
7392,Jennifer Jones,lucaskim@gmail.com,2021-11-24T20:43:59
8532,Anthony Russell,simonheather@company.org,2021-08-08T16:43:53
2792,Stephanie Adams,@whoward,2020-06-09T16:26:33
4527,Tiffany Moon,lmitchell@yahoo.com,2020-04-09T07:15:35
7185,Thomas Brown,melissa71@outlook.com,2024-09-19T00:32:44
3289,Kathryn Ellis,gallowaydavid@company.org,2022-04-16T08:43:36
2400,Sue Dunn,david81@yahoo.com,2021-08-23T21:22:22
3022,Lori Spencer,yolandawillis@outlook.com,2024-07-05T10:43:10
6916,Mrs. Michelle Brown,kathleen33@company.org,2023-01-12T15:51:14
5559,Dawn Perez,montgomerysteven@outlook.com,2020-05-02T17:07:53
5574,Mrs. Dana Suarez,franklinmichael@example.com,2024-09-11T10:23:59
7346,Jason Hopkins,robert96@gmail.com,2022-11-17T02:15:56
1103,Shannon Robertson,jose99@company.org,2021-11-23T18:36:29
2624,Raymond Collins,jeffpayne@gmail.com,2021-05-28T08:53:24
8929,Blake Roberson,georgeharmon@gmail.com,2023-12-15T09:00:25
6021,Cristina Roberts MD,nmontgomery@gmail.com,2020-08-26T09:58:05
9106,Michelle Moore,nina79@company.org,2021-07-29T17:10:54
4222,Rebecca Deleon,dianamaldonado@yahoo.com,2024-01-03T22:44:55
8051,Hannah Mccarty,williamcoleman@outlook.com,2024-06-24T03:55:08
6288,Hannah Hernandez,tanyakelly@outlook.com,2020-05-31T19:34:18
4186,Jerry Newman,pamelacole@example.com,2024-04-15T22:55:58
1533,Rachael Freeman,washingtonruth@outlook.com,2020-11-28T12:55:16
9234,John Bates,nicholsshelly@yahoo.com,2023-06-16T19:50:40
3426,Lauren Moore,ssmith@outlook.com,2023-10-16T15:49:12
7083,Christopher Schultz,bjohnson@company.org,2022-02-22T13:09:53
1123,Yvonne Mcintosh,ejohnson@outlook.com,2022-02-07T01:10:20
4011,Heather Baker,schultzjuan@example.com,2024-08-05T11:00:55
8158,Katherine Clark,alexandriabaker@yahoo.com,2023-03-01T00:16:20
1172,Anthony Franklin,rjohnston@outlook.com,2023-05-18T23:08:41
8932,Emily Garcia,amy65@example.com,2020-06-11T02:16:06
4415,Ralph Anderson,bakercharles@outlook.com,2020-04-13T10:58:44
3545,Mary Reid,econner@gmail.com,2022-04-14T21:06:37
6709,Jill Evans,umcbride@company.org,2021-07-07T02:52:48
5231,Brandon Wilson,perezhenry@example.com,2022-01-31T23:53:53
3931,Nancy Foster,darrenkirby@yahoo.com,2024-10-07T16:51:17
8451,Jessica Hammond,yolson@company.org,2024-10-24T04:52:17
4632,Sean Stephens,michael44@gmail.com,2024-02-14T05:39:04
4021,Courtney Mcgrath,juliesanders@example.com,2021-01-19T17:09:12
9245,Matthew Simmons,rmorrow@outlook.com,2020-06-29T12:00:28
6732,Tamara Smith,thomaslisa@example.com,2022-05-19T14:25:26
2277,Jessica Schmidt,nancy17@example.com,2024-06-17T10:20:03
2621,Patrick Cole,katelynschroeder@gmail.com,2021-01-13T22:22:22
1351,Sylvia Wood,kkaufman@company.org,2024-07-06T05:17:44
7221,Lori Faulkner,peteroliver@example.com,2024-10-03T13:40:02
3829,Thomas Curtis,theresa03@outlook.com,2021-12-03T10:55:37
4952,Gina Sanchez,yhorton@company.org,2020-03-26T01:15:15
2254,Cynthia Mendez,douglas65@outlook.com,2024-09-07T06:03:23
9489,Phillip Duran,david62@example.com,2022-12-19T04:46:11
4410,David Harrison,ricardo18@yahoo.com,2024-07-02T23:07:06
5250,Susan Castillo,oanderson@outlook.com,2020-11-03T06:46:59
7454,Julie Collins,garciacarrie@outlook.com,2023-06-07T11:00:05
5754,Susan Everett,collinsjustin@example.com,2021-04-19T19:03:37
2665,Angela Garcia,henrynelson@example.com,2024-11-09T09:15:22
7739,Michelle Cox,olivia08@example.com,2023-06-04T08:15:24
1977,Richard Santos,cgoodwin@outlook.com,2023-12-07T03:28:36
8751,Sheila Mann,mferguson@yahoo.com,2021-12-23T23:40:33
7778,Donald Smith,richard59@gmail.com,2020-08-23T17:27:09
6710,Sherry Pineda,lisaperez@example.com,2021-04-16T03:33:36
4161,Scott Mendoza,james05@example.com,2022-01-28T08:25:59
9659,Autumn Cox,michaelshaw@outlook.com,2022-02-25T06:02:13
4758,Cameron Sutton,michael04@outlook.com,2021-09-22T06:24:27
7723,Henry Edwards,castrochristopher@gmail.com,2021-12-22T06:24:12
8678,Jack Johnson,kimberly86@example.com,2020-05-30T03:55:18
1609,Jacob Norton,sherrimartinez@gmail.com,2023-09-23T06:34:56
8454,Ronald Aguilar,wferguson@yahoo.com,2024-06-07T17:54:31
5580,Mary Parks,timothythomas@yahoo.com,2021-08-28T21:26:53
9547,Denise Sloan,deborahkeith@example.com,2024-06-07T03:51:06
4090,Richard Taylor,thomasjames@company.org,2023-03-16T08:08:27
8671,Matthew Johnson,jacksontina@outlook.com,2022-01-13T11:03:59
9886,Brianna Francis,denise28@gmail.com,2023-12-24T12:17:09
3347,Erin White,denise05@company.org,2022-12-08T14:08:28
8995,Jason Ward,crystal45@gmail.com,2024-11-24T23:06:13
9151,Roy Clark,garystein@outlook.com,2024-11-22T14:41:42
3088,Robert Wallace,ashley64@company.org,2023-04-10T20:05:15
5413,Ryan Norton,daviddaniels@outlook.com,2023-04-11T20:58:59
6099,Timothy Salas,bryannicole@example.com,2022-12-07T17:07:52
9873,Kiara Thomas,allen48@company.org,2023-08-21T00:04:20
9612,Michael Cole,johnfisher@example.com,2022-09-14T16:47:14
1756,Natasha Hernandez,taylorkristin@outlook.com,2024-02-26T05:18:23
1362,Michael Porter,jamesberry@outlook.com,2024-07-22T04:39:27
2388,William Harper,ifrazier@gmail.com,2024-05-01T02:17:46
7407,Cynthia Gonzalez,samantha12@outlook.com,2022-08-04T20:28:05
6375,Casey Thomas,davidrivera@example.com,2021-07-19T11:30:21
9763,Maria Ruiz,ariana46@gmail.com,2024-02-23T13:37:06
7189,Kristen Johnson,hannah32@outlook.com,2023-05-15T02:30:06
1594,David Patterson,perrylee@yahoo.com,2024-01-14T00:29:17
4189,Steven Hamilton,connorpruitt@gmail.com,2020-12-15T09:51:25
5677,Adam Long,scottbecker@company.org,2024-08-28T15:46:20
6211,Amber Rice,masonrice@example.com,2021-08-13T08:26:16
4663,Keith Solis MD,jpatel@example.com,2023-10-08T22:43:35
3136,Bianca Wise,nperkins@gmail.com,2022-11-02T12:29:33
2773,Sean Greer,shouston@yahoo.com,2024-09-04T21:08:22
7444,Tamara Banks MD,carmenbrown@gmail.com,2022-12-30T07:43:19
7866,Joshua Bennett,xbender@gmail.com,2023-03-17T12:34:11
4136,Samuel Chang,scarpenter@example.com,2022-09-21T17:52:18
1605,Ryan Jones,timryan@example.com,2021-06-26T22:18:38
4169,Amanda Guerrero,david53@outlook.com,2020-07-19T21:48:52
2287,Jason Adams,elizabeth91@,2022-11-25T02:05:00
7495,Bryan Walker,erik42@yahoo.com,2022-05-10T20:14:55
2893,Billy Edwards,elizabeth23@example.com,2020-02-09T11:41:47
1477,William Riggs,jacobcampbell@company.org,2023-02-09T16:33:02
9076,Christina Watkins,qcurtis@gmail.com,2021-02-17T21:52:45
5864,Kimberly Martin,geraldrodriguez@gmail.com,2022-09-03T21:30:51
9687,Kevin Vasquez,dcampbell@outlook.com,2020-04-27T23:21:39
3565,Gregory Dominguez,aguilarthomas@example.com,2021-09-21T17:15:32
8093,Kimberly Johnson,williamselizabeth@yahoo.com,2020-02-17T16:46:21
5604,Christopher Warren,lisaclark@yahoo.com,2024-03-22T12:07:16
1131,Luke Herring,lewischristopher@example.com,2024-10-01T18:21:03
7107,Julie Thomas,chad22@example.com,2020-02-13T00:10:45
1584,Shawna Riley,hallmary@company.org,2022-01-17T18:31:51
9840,Kevin Allen,sperez@gmail.com,2020-06-13T07:27:27
5332,Wendy Gross,william91@example.com,2023-09-14T14:21:51
6102,Debra Sullivan,hernandezmichael@example.com,2023-05-26T08:21:53
1925,Molly Cochran,tgilbert@company.org,2024-01-01T22:11:39
7190,Karen Saunders,phammond@gmail.com,2021-12-17T11:33:32
8043,Michelle May,onicholson@outlook.com,2021-07-29T04:46:50
5665,James Bush,kristin71@example.com,2024-03-24T23:45:20
2992,Jessica Abbott,krystalescobar@example.com,2023-06-13T16:48:42
3752,Samantha Murphy,christopher31@company.org,2020-10-13T23:19:33
6951,James Wilson,wilsontimothy@outlook.com,2024-05-26T06:06:47
3198,Justin Daugherty,jenniferchaney@yahoo.com,2022-08-09T03:23:18
6228,James Morales,morgan06@gmail.com,2023-05-20T09:02:13
3129,Erik Jones,katherinebrown@gmail.com,2022-09-17T23:32:30
7508,Thomas Rose,andrew45@yahoo.com,2020-05-01T23:49:33
9870,Christopher Robinson,youngcrystal@company.org,2021-01-03T13:13:21
5196,Richard Jenkins,burkeannette@company.org,2023-04-14T21:45:25
4924,Blake Jimenez,steven73@gmail.com,2022-04-05T07:08:45
5804,Edward Gutierrez,jaredgonzales@example.com,2020-07-07T18:47:39
3757,Cody Simon,rachel33@example.com,2024-04-06T05:37:44
7837,Mark Rodriguez,tonyayang@outlook.com,2024-09-16T16:42:32
4648,Kyle Griffith,@millertimothy,2021-07-09T13:28:52
9683,Wayne Roberts,turnersabrina@example.com,2024-01-18T07:23:33
8559,Elizabeth Tran,jennifer46@outlook.com,2021-07-03T18:34:10
6246,Rebecca Keller,nrivera@outlook.com,2021-12-14T22:34:59
4866,Hayley English,jhuerta@outlook.com,2024-01-26T13:50:53
6249,Darius Harrington,smeyer@yahoo.com,2021-11-06T01:26:26
9128,Brianna Banks,jerry25@outlook.com,2023-02-14T11:17:46
7491,Mark Cobb,lindamassey@outlook.com,2022-03-29T08:27:58
4631,Nicholas Orr,marsheric@example.com,2024-11-27T23:16:38
1962,Paul Flowers,hollandtiffany@gmail.com,2023-08-02T08:25:44
1402,Regina Lee,jamiemendez@gmail.com,2024-03-27T05:40:36
6821,Nicholas Carr,sarah18@company.org,2024-10-09T00:48:07
9811,Mrs. Sue Cortez,williamburton@company.org,2021-07-19T21:58:30
2245,Kurt Le,sgriffith@company.org,2024-12-06T05:00:02
7100,Brian Smith,brownmichael@gmail.com,2022-12-18T17:18:57
6383,Julie King,walkercory@yahoo.com,2022-12-05T22:59:36
1084,Amy Chen,jonathandixon@outlook.com,2023-04-15T12:31:45
2929,Michelle Randall,jonathan94@company.org,2023-04-27T05:50:37
1681,Melissa Cole,walterreyes@company.org,2024-10-17T19:40:03
2749,Lori Gill,pamela57@yahoo.com,2020-06-07T12:42:05
4249,Kathy Fowler,wthompson@yahoo.com,2021-08-22T22:42:49
9878,Gilbert Sparks,fmartinez@outlook.com,2023-02-01T01:15:39
9367,Roger Webb,@qlogan,2024-07-27T07:26:10
6110,Janet Pugh PhD,shannongomez@company.org,2022-02-21T17:21:05
4567,Brendan Dunn,tammy99@company.org,2021-05-09T18:12:20
1206,Keith Burnett,reedshari@example.com,2022-11-26T01:43:31
4571,Latasha Oconnor,jillwillis@yahoo.com,2023-10-26T23:24:40
8206,Christopher Ramos,theodore26@company.org,2020-07-25T20:11:46
6309,Andrew Torres,josephmcbride@example.com,2024-01-27T15:01:43
4312,Aaron Robertson,davidhess@company.org,2021-10-01T14:12:05
3498,Kristin Garner,bjones@example.com,2024-11-09T04:01:00
7423,Cindy Turner,tammy57@yahoo.com,2024-04-07T23:53:21
1106,Scott Wallace,ryan36@yahoo.com,2020-04-28T00:21:17
2805,Andrea Berry,jonathan38@example.com,2023-01-05T04:35:05
7556,John Elliott,toni46@yahoo.com,2022-11-16T03:04:24
2430,Dominic Murphy,floresjesse@example.com,2021-11-11T01:01:09
5929,Autumn Deleon,thomas50@yahoo.com,2022-10-24T04:42:32
8891,Gabriel Cook,millerdavid@yahoo.com,2024-04-22T13:14:28
6166,Bryan Bridges,emily79@outlook.com,2021-08-08T18:21:21
9086,Monica Smith MD,vaughndarren@yahoo.com,2022-10-17T22:37:24
6914,Mary Thompson,coxjoshua@,2023-09-03T15:51:39
6881,Christie Lawrence,awagner@company.org,2024-10-23T12:54:58
6988,Robert James,jamesrodriguez@yahoo.com,2021-01-12T14:13:26
4857,Bryan Lamb,wlewis@outlook.com,2021-06-08T00:16:06
9997,Alicia Gardner,conleyemily@yahoo.com,2023-07-08T17:09:53
8916,Jennifer House,morgankristina@company.org,2020-10-25T02:03:22
9243,Bethany Medina,craigcaleb@gmail.com,2023-03-22T15:13:31
7081,Mr. Bryan Lutz,anthonystewart@gmail.com,2021-01-29T09:01:46
5110,Melvin Vaughn,millermichael@company.org,2022-04-02T04:39:45
8234,Ryan Harper,kristenlarson@example.com,2020-09-30T07:31:54
1149,Joseph Maxwell,mwilson@outlook.com,2024-10-04T10:03:11
2873,Nicole Bowman,fgarcia@outlook.com,2024-08-15T18:00:24
8132,Amanda Smith,jflores@example.com,2024-10-05T20:26:38
3639,Steven Johnson,brooke04@yahoo.com,2023-11-17T17:24:15
2745,Amanda Simmons,amandastokes@example.com,2024-10-29T02:02:08
9132,Thomas Bruce,patricia51@gmail.com,2023-02-12T11:32:20
2098,Dana Ryan,clinton76example.com,2020-04-21T03:33:44
6800,Rebecca Dixon,lauren31@gmail.com,2022-12-24T06:32:14
4298,Angela Gonzalez,greenefrank@yahoo.com,2022-09-27T17:11:10
2747,Carolyn Reyes,stanleyveronica@company.org,2020-10-22T16:43:41
9563,Elizabeth Barnett,ronald96@example.com,2022-05-15T11:37:58
8135,Jay Gutierrez,christina09@yahoo.com,2024-10-02T10:04:05
9826,Shelley Benson,ycastro@outlook.com,2020-04-20T04:31:14
3642,Charlene Hebert,halllinda@yahoo.com,2021-09-19T15:12:58
2288,Joshua Willis,brownmaria@outlook.com,2021-10-19T20:03:02
8496,Ashley Dougherty,jenniferbrown@gmail.com,2024-02-22T12:41:15
4033,Veronica Foster,ayalasteven@gmail.com,2024-08-26T10:19:07
2454,Rebecca James,juliangibson@company.org,2023-02-11T09:15:48
7013,Jose Montgomery,sallyweaver@yahoo.com,2022-10-14T17:44:36
5561,Johnny Castaneda,lindsey75@yahoo.com,2024-07-02T16:40:18
5770,Philip Roberts,tmcdaniel@yahoo.com,2022-11-03T21:19:33
3695,Paul Blake,dicksongina@company.org,2023-03-17T18:13:04
2467,David Mcfarland,bharrisexample.com,2024-10-22T05:04:45
7808,Cynthia Evans,wrusso@company.org,2022-11-26T18:00:37
7772,Kimberly Williams MD,mooresara@example.com,2023-05-22T22:42:46
6030,Thomas Harrell,daniel81@gmail.com,2023-01-10T23:20:14
6915,Joann Perez,riveragerald@example.com,2020-06-10T22:53:49
3016,Christopher Wolfe,ktaylor@example.com,2020-05-10T17:19:55
9131,Amy Hardy,hornjessica@yahoo.com,2023-01-18T11:56:28
2993,Ronald Davies,michelle00@yahoo.com,2020-02-08T01:58:43
8631,Latoya Hebert,oanderson@outlook.com,2021-01-10T14:51:23
5454,Gabriel Campbell,laurendean@outlook.com,2023-12-23T00:14:25
2025,Autumn Lopez,ngray@yahoo.com,2023-02-03T15:52:13
9493,Margaret Douglas,griffinsherry@company.org,2022-02-07T18:13:13
8659,Jonathan Martinez,jonathansanford@yahoo.com,2021-12-18T08:41:13
1040,Kimberly Johnson MD,katrinamcmillan@outlook.com,2021-08-02T23:36:31
7679,Gregory Bryant,stoutjohn@,2021-12-09T15:42:02
5119,James Blackburn,markramirez@gmail.com,2021-04-30T21:57:53
8956,Lisa Hamilton,cookstacy@outlook.com,2021-03-29T10:42:09
8895,Meredith Kelly,bthornton@outlook.com,2020-07-04T11:18:24
3043,Christopher Thomas,ashley86@,2022-07-26T09:16:14
6159,Michelle Obrien,bdickerson@gmail.com,2021-10-26T19:20:04
8543,Cindy Cain,aprilhawkins@outlook.com,2024-02-16T13:42:46
7516,Jacob Walker,daniel50@example.com,2024-07-27T09:56:04
3401,Stephanie Maxwell,hansoncalvin@yahoo.com,2022-11-04T23:45:44
3930,Trevor Richardson,moralesdana@outlook.com,2024-07-16T10:32:49
8864,Amanda Joyce,lwest@gmail.com,2023-03-30T20:27:39
7164,Keith Rodriguez,harrischristian@example.com,2022-07-11T15:30:32
2854,Laura Nelson,jessicafitzgerald@yahoo.com,2024-11-04T01:22:52
1937,Gregory Webster,richardsmith@company.org,2023-12-21T17:29:09
2441,Richard Sims,gmolina@outlook.com,2024-03-05T18:21:27
8973,Jeremy Nelson PhD,matthewturner@outlook.com,2024-08-01T03:25:35
6423,Brittany Perkins,kayla27@gmail.com,2021-08-28T06:24:07
8981,Karen Thomas,jonespatrick@outlook.com,2020-05-15T15:37:15
6020,David Smith,olivia52@outlook.com,2024-04-01T19:04:45
3754,Melissa Boyd,candrade@company.org,2020-01-16T08:30:41
8054,Scott Campos,chloe66@outlook.com,2023-12-24T16:53:17
2587,Matthew Willis,david84@example.com,2022-05-03T00:50:41
2199,Hector Mills,katherinerodriguez@example.com,2024-09-19T09:56:07
7110,Lindsay Reese,andrew19@outlook.com,2022-03-23T09:51:12
7864,Gregory Moreno,stuartherbert@company.org,2022-04-08T07:34:52
4366,Judy Weiss,heathlaura@outlook.com,2021-07-24T00:50:11
9816,Jade Clark,montoyarobert@gmail.com,2020-08-28T20:34:05
6400,Noah Long,adamsamy@gmail.com,2021-04-24T08:58:27
8484,Lisa Ryan,chelsea11@outlook.com,2023-08-16T05:41:29
5294,Katherine Stanley,zimmermankristina@example.com,2021-04-14T01:13:51
2351,Mr. Arthur Abbott,shelley93@example.com,2020-08-18T21:48:45
7486,Carrie Bennett,smithdaniel@gmail.com,2021-08-20T15:13:46
1697,Tracy Perkins,noblecharles@example.com,2021-06-27T05:54:01
7524,Robert Huff,maria43@gmail.com,2024-10-06T22:25:49
1464,Sarah Parrish,cooklance@gmail.com,2020-11-25T01:19:49
9789,Meredith Zimmerman,wendylong@outlook.com,2022-08-29T16:10:59
7114,Catherine Carroll,donnaporter@outlook.com,2021-04-02T18:31:12
2941,Dwayne Mendez,david57@example.com,2022-06-19T00:14:27
1227,Theresa Price,kellydavidson@yahoo.com,2024-03-24T15:50:39
3031,Charles Roman,matthewwolfe@company.org,2022-12-15T14:40:28
6178,Samantha Wilkins,schroederdalton@yahoo.com,2020-02-21T07:05:09
4283,Anna Green,richardsonnicholas@example.com,2023-06-16T03:14:37
3751,Melissa Flores,raymondhoover@gmail.com,2021-03-26T08:02:50
9196,David Nelson,karenschultz@outlook.com,2024-06-23T13:10:17
9979,Juan Lewis,thompsonkristin@example.com,2023-10-22T15:50:25
6978,Michael Lewis,kelly14@example.com,2021-01-04T21:12:31
9566,Steven Singh MD,stanleyaustin@outlook.com,2024-11-28T07:30:01
5731,Robert Farley,knewman@gmail.com,2023-02-06T04:52:06
6357,James Petersen,robert07@example.com,2021-05-31T07:20:43
6629,Tina Hernandez,nathan48example.com,2022-07-24T18:24:36
6578,Christopher Howard,albertwoods@yahoo.com,2021-08-21T04:40:40
8936,Ryan Moon,michaela49@example.com,2023-03-07T19:19:11
6536,Debra Love,hullanita@company.org,2024-03-31T15:58:20
7724,Rachel Yang,rmccarthy@example.com,2020-05-14T06:32:28
6285,Nicholas Garcia,hhuerta@gmail.com,2024-10-06T04:55:43
8747,Rebecca Smith,philiplee@yahoo.com,2021-06-11T16:25:49
6822,Lisa Peterson,ssexton@yahoo.com,2022-08-04T04:13:42
1431,Joel Fleming,yblackburn@outlook.com,2020-07-20T04:19:23
8115,Ryan Henderson,huberjames@company.org,2021-07-31T19:37:23
8348,Dana Martin,amy29@company.org,2023-11-19T13:37:11
5783,Megan Garcia,dakota54@gmail.com,2021-12-21T21:29:58
5722,Rachel Ware,jbarron@yahoo.com,2020-12-18T06:12:39
4270,Kimberly Black,rachel78@company.org,2021-11-05T06:53:43
7978,Jennifer Ross,nlewisexample.com,2021-04-28T11:42:36
6510,Brenda Wright,graymatthew@gmail.com,2022-06-25T21:28:19
9707,Amy Holloway,velezterri@yahoo.com,2020-02-22T03:45:25
7279,Amanda Hoffman,sheacindy@outlook.com,2024-07-26T13:57:53
6194,Samantha Ward,amandafleming@yahoo.com,2021-12-03T01:15:44
9091,Cassandra Oconnell,mcconnelldavid@example.com,2021-12-02T14:17:00
3568,Tiffany Johnson,qdelgadoexample.com,2020-09-15T08:26:11
9305,Pamela Woodard,henrymorgan@company.org,2021-07-16T05:27:08
4131,Hannah Martinez,julianjohnson@gmail.com,2022-07-22T08:14:50
5382,Julie Wilson,kendra24@yahoo.com,2023-04-13T06:30:50
6744,Christian Grant,melissalowe@gmail.com,2021-04-07T18:15:05
6282,Michele Olson,cjackson@gmail.com,2024-07-21T17:20:58
2371,Javier Forbes,johnsonheather@company.org,2020-06-15T08:06:33
5759,Brandon Williams,joshuawilson@company.org,2022-02-27T00:56:34
5774,Michael Solis MD,cooperjennifer@yahoo.com,2020-09-27T12:52:35
2793,Margaret Foley,lauren44@company.org,2020-11-20T17:06:41
8792,Donald Hale,perezlindsey@company.org,2021-06-09T18:29:07
3711,Samuel Kramer,brianlane@company.org,2022-06-28T03:41:58
7249,Kylie Moran,amberwilliams@yahoo.com,2024-01-19T11:03:44
7852,Richard Martinez,bjennings@example.com,2023-09-30T20:35:21
7316,James Vincent,prattemily@company.org,2020-06-10T03:10:13
2946,Ryan Manning,chardy@example.com,2023-05-07T10:21:58
4087,Troy George,browndebra@company.org,2021-02-01T02:49:26
8178,Melissa Scott,shannoncarey@gmail.com,2024-07-07T03:25:31
8129,Casey Conley,farmerkent@gmail.com,2024-08-19T12:23:52
4371,Cindy Byrd,katie46@outlook.com,2022-10-26T04:31:25
4156,Kara Stephens,esparzapatricia@gmail.com,2020-11-27T13:38:40
1898,Kenneth Jenkins,janice25@example.com,2020-02-15T21:51:28
4138,Danny Merritt,edward09@yahoo.com,2024-09-28T08:59:08
1834,Holly Anderson,parkerchristopher@example.com,2021-01-18T10:43:21
5468,Oscar Hughes,bradleyarnold@outlook.com,2023-04-05T09:39:00
5740,Ryan Keller,dana72@example.com,2020-04-22T00:04:47
9955,Karen Blake,stephanie10@yahoo.com,2021-04-07T15:15:12
6408,Savannah Turner,mckinneymatthew@example.com,2022-08-06T10:41:16
1945,Catherine Daniels,heather94@company.org,2022-01-07T04:10:12
5726,Patrick Green,williamdelgado@yahoo.com,2020-06-16T04:07:51
8658,Christopher Atkins,msanchez@company.org,2022-05-31T03:11:08
1965,Melissa Parker,lmack@gmail.com,2021-10-03T09:09:10
3488,Ellen Davis,ihoward@outlook.com,2023-07-20T20:36:59
8497,Taylor Reed,ehanson@company.org,2022-02-17T19:34:20
7054,Kristy Smith,ileon@gmail.com,2023-10-14T20:23:41
3942,David Wolfe,owolf@gmail.com,2021-02-05T18:41:34
8144,Tara Little,jasonprice@yahoo.com,2022-02-01T20:56:43
3680,Edward Sawyer,vmorales@outlook.com,2022-04-14T17:16:36
4024,David Wade,kclayton@yahoo.com,2022-08-21T13:29:31
1560,Ashley Thornton,jameskelly@company.org,2020-09-30T20:37:38
1999,Chad Garcia,smithsteven@outlook.com,2020-08-13T17:50:35
7675,Alan Fernandez,bdominguez@outlook.com,2024-06-10T03:15:43
4826,Nicole Adams,jamesmontoya@yahoo.com,2024-09-26T04:52:10
1301,Heidi Gilbert,ariasmelissa@company.org,2023-05-31T11:38:25
6654,Scott Clark,iclark@example.com,2024-08-31T02:59:26
2005,Edward Howard,valdezjason@gmail.com,2024-11-08T03:27:17
1867,Ralph Hamilton,kaitlynwilson@yahoo.com,2020-10-03T22:57:45
7510,Alexis Mcneil,clarkjoseph@example.com,2024-01-17T11:51:22
6963,Kim Avila,leah61@company.org,2020-09-28T06:07:24
5113,Maria Roberts,vanessa90@gmail.com,2021-07-11T00:28:36
2545,Michael Peterson,osimmons@company.org,2020-01-31T08:25:47
2275,Jaclyn Webb,lauren01@outlook.com,2023-05-15T07:03:35
1478,Nancy Beck,hgomez@company.org,2020-07-19T18:05:11
8351,Benjamin Nelson,stephanie45@outlook.com,2021-10-11T04:55:53
8878,Jose Porter,ajackson@yahoo.com,2022-05-27T01:12:22
7951,Jesus Woods,kmorris@outlook.com,2022-03-01T23:56:47
1173,Rachael Parks,riversann@company.org,2022-12-09T01:43:31
4981,Robin Stevens,victoriaprice@company.org,2023-08-28T14:32:00
2363,Philip Andrews,nhaney@outlook.com,2022-01-13T01:22:00
5873,Robert Schroeder,pwhitaker@example.com,2021-04-17T22:10:49
5271,David Werner,david34@gmail.com,2024-05-20T09:26:55
8776,Manuel Robinson,victoria71@outlook.com,2022-05-06T12:36:51
8980,Rachel Simmons,vpierce@example.com,2024-09-07T11:13:06
3253,Amy Strickland,anna00@example.com,2024-09-27T18:52:36
9570,Sarah Romero,shenderson@gmail.com,2023-04-05T16:19:37
8876,Tracy Allen,ebell@yahoo.com,2023-08-15T17:32:49
9834,Jenna Lynn,sherryaguilar@company.org,2024-07-09T07:26:03
3867,Bobby Norman,brian22@yahoo.com,2024-04-08T05:03:36
7613,Stacy Anderson,jmathewsexample.com,2022-05-19T00:22:33
3151,Michelle Boyd,kristenhoffman@example.com,2020-09-07T23:47:02
1048,Jesse Salinas,ryan04@,2022-11-30T15:28:36
4878,Laura Scott,gibbsgeorge@gmail.com,2021-08-08T23:05:31
8551,Wanda Nelson,mario97@example.com,2020-07-13T22:53:23
6019,Kevin Smith DDS,morrisabigail@gmail.com,2021-04-07T17:19:13
4485,Adam Sparks,ronald84@outlook.com,2022-05-09T03:37:28
7853,Katherine Rodriguez,jeromewood@company.org,2024-03-06T15:49:02
3888,Jessica Barton,robinsonbrandon@example.com,2022-12-02T03:21:13
7859,David Mason,gcurtis@example.com,2020-11-04T17:44:50
5800,Mrs. Mary Perez,christinalambert@company.org,2020-07-02T02:50:15
8865,Lisa Beard,michealwilliams@example.com,2023-07-15T00:00:04
8283,Danielle Nixon,nford@yahoo.com,2023-09-06T21:36:04
4421,Adrienne Brown,benjaminwright@gmail.com,2020-09-30T00:18:04
8489,Kelsey Mcgrath,smithgary@yahoo.com,2024-09-16T17:44:26
4587,Virginia Larson,hsmith@outlook.com,2020-02-11T00:33:38
6590,David Torres,renee93@company.org,2022-01-08T01:11:31
5035,Nicole Bennett,brandynewman@outlook.com,2021-01-04T05:25:45
4080,Heidi Moore,carlsonashley@outlook.com,2021-09-18T23:58:14
7282,Jeffrey Shepard,gwong@outlook.com,2024-04-13T19:23:08
7578,Kaylee Castro,brian83@gmail.com,2023-07-20T23:46:03
2732,Karen Herrera,gonzaleznorma@yahoo.com,2021-04-26T14:29:46
4117,Connie Zimmerman,dana44@outlook.com,2024-05-21T23:14:22
7494,Alexandra Mason,pflores@yahoo.com,2023-03-28T06:47:26
7858,Richard Rich,ryan94@company.org,2023-06-04T04:37:19
5903,David Harris,hlarsen@yahoo.com,2021-08-09T22:07:36
5085,Sandra Watson,jimmy50@,2022-08-07T22:01:55
3571,Kathryn Guzman,griffinrobert@example.com,2023-03-23T09:58:47
4867,Joshua Chang,maria63@yahoo.com,2023-02-03T23:45:45
3370,Matthew Strickland,yolanda99@outlook.com,2022-10-26T23:02:00
5908,Ryan Evans,ewhite@yahoo.com,2020-05-12T00:31:19
9198,Hannah Horton,zoemejia@outlook.com,2024-01-30T01:17:31
7620,Angela Olson,rachel83@yahoo.com,2022-11-12T15:13:32
2302,Christine Hill,malik97@example.com,2021-03-18T05:30:16
3592,Melissa James,thompsonbrian@outlook.com,2024-07-25T18:54:55
2473,Brenda Palmer,lisa63@example.com,2021-02-16T13:05:02
4757,Johnny Williams,rebecca95@outlook.com,2021-04-19T18:05:56
7511,Amanda Lee,sara49@yahoo.com,2020-12-10T18:41:17
4767,Joshua Perry,fosterwilliam@example.com,2021-02-07T05:06:45
7846,Michael Vasquez,cindy21@outlook.com,2024-02-21T10:05:11
8462,Jason Campbell,lori07@company.org,2024-02-29T22:56:51
2514,Ariana Hall,carlos78@gmail.com,2021-05-29T14:43:56
4510,Mrs. Jennifer Smith,greengary@company.org,2021-05-27T05:32:04
1750,Justin Hogan,sarahwest@yahoo.com,2021-09-12T07:44:29
2593,Christopher Delgado,fkim@outlook.com,2024-04-16T10:12:29
9487,Eric Sanchez,richardsonmichael@example.com,2022-03-11T11:41:44
4414,Jennifer Gonzales,katherine21@yahoo.com,2023-01-26T20:55:32
2470,Jason Spencer,christopherkirk@company.org,2023-11-15T07:21:01
9372,Kayla Lucas,molly28@company.org,2021-05-20T10:52:01
1773,Donna Alvarez,gregory92@yahoo.com,2022-11-30T15:50:34
4348,Karen Pope,oconnordaisy@company.org,2021-05-16T05:51:24
1476,Allison Tran,michael34@outlook.com,2022-04-30T14:29:54
6636,David Mathews,christopher84@gmail.com,2023-06-13T05:55:53
8572,Amanda Bell,joshua34@yahoo.com,2021-04-18T07:09:18
8697,Michael Vega,lmarshall@example.com,2021-08-07T04:25:43
1861,Robert Murphy,donnamiller@outlook.com,2020-03-09T02:30:27
1990,Luke Duffy,johnsonbrandon@company.org,2020-05-23T23:53:56
6682,Christy Richardson,william44@yahoo.com,2020-02-09T22:09:53
5114,Ryan Jones,gabrielalandry@outlook.com,2022-12-04T05:28:21
6088,Steven Goodwin,mandyclark@yahoo.com,2023-11-04T22:57:46
5257,Jonathan Maldonado,michelewyatt@,2024-12-11T19:07:58
4784,Joseph Rogers,michelle64@yahoo.com,2023-10-29T11:51:26
1387,Jerry Baker,stephenjohnson@example.com,2022-11-03T10:14:56
2060,Stephen Ward,wgamble@outlook.com,2021-08-06T13:43:18
9994,Heather Jimenez,blankenshipheather@gmail.com,2022-08-14T18:13:26
2800,Don Holt,xharrison@example.com,2020-04-19T05:38:42
8656,Dominique Christensen,zbrennan@example.com,2024-01-27T20:36:30
7867,Maria Johnston,batesshannon@company.org,2024-03-31T15:03:44
3901,Katie Robbins,stefaniejohnson@example.com,2022-05-19T04:09:53
6111,Patrick Ruiz,karenjohnson@example.com,2020-02-09T09:13:31
1806,Matthew Jones,kristin31@gmail.com,2020-10-19T15:05:31
5213,Michelle Williams,bridgeswesley@yahoo.com,2024-11-15T13:04:31
9390,Claudia Hernandez,jessicaarnold@company.org,2020-05-06T02:23:13
8535,William Carter,uwilson@outlook.com,2024-03-14T04:37:59
3657,James Pollard,jose17@company.org,2024-03-20T06:23:41
5543,Thomas Davis III,roberthernandez@outlook.com,2023-08-21T08:21:39
1615,Jennifer Barr,brianperez@gmail.com,2020-01-30T11:45:23
8177,Scott Simmons,maryball@yahoo.com,2021-04-11T08:10:43
6312,Tamara Clark,morrisangela@company.org,2022-10-01T04:49:32
6614,John Lewis,fletchermarcia@example.com,2024-06-03T12:58:32
1253,James Joseph,qmiller@gmail.com,2022-02-19T20:25:40
6473,Kimberly Franco DVM,robinsoncharles@example.com,2024-11-29T18:40:21
1795,Danny Russell,angela77@yahoo.com,2024-05-02T23:57:47
5870,Dale Holland,pbaileyexample.com,2024-02-01T13:57:12
4135,Sandra Caldwell,tpowell@gmail.com,2021-11-17T22:14:22
9818,Laura Price,melissa26@yahoo.com,2022-07-19T12:19:50
3148,Jeffrey Baker,erik38@company.org,2023-05-08T07:09:32
1354,Victor Smith,callahankimberly@yahoo.com,2020-04-25T09:35:08
8549,Richard White,hendricksseanexample.com,2020-12-13T08:35:46
5406,Manuel Yang Jr.,susan45@example.com,2021-02-25T05:20:54
9358,Kenneth Cox,edward20@company.org,2023-12-31T04:04:31
1777,Valerie Beck,benjaminshepherd@gmail.com,2024-04-17T00:08:59
4619,Peter Reid PhD,harpermegan@example.com,2022-06-23T10:16:14
9144,Sarah Reeves,andrea95@company.org,2024-10-16T21:13:23
2442,Daniel Berger,vthompson@company.org,2022-09-18T22:17:21
8314,Dr. James Lopez,hoganandrew@company.org,2021-05-10T22:12:32
5548,Erik Clark,flemingtimothy@yahoo.com,2020-07-25T10:53:55
7884,Michael Ingram,williamsjenna@outlook.com,2024-03-25T00:11:16
9784,Alexa Patterson,jameszamora@outlook.com,2020-02-15T12:59:05
4042,Ronald Collins,melissa23@example.com,2021-03-30T17:58:27
7039,Adam Miller,charlesmacdonald@example.com,2024-01-17T06:31:43
7979,Spencer Williams,debrakaiser@outlook.com,2021-12-02T12:28:32
9124,Kenneth Williams,sancheztheresa@example.com,2023-06-23T17:58:57
2179,Patrick Arnold,vwilson@example.com,2021-11-06T23:20:15
2482,Amanda Caldwell,kvance@gmail.com,2023-04-09T18:26:54
6935,Tina Henry,zcarrollexample.com,2021-12-28T06:57:09
2469,Christina Edwards,ucarter@,2022-05-05T21:56:32
7332,Cassandra Lee,cynthiasanchez@gmail.com,2021-07-13T16:03:16
8280,Emily Mccormick,leahmccarthy@outlook.com,2024-09-16T02:11:15
4419,Joshua Lee,jonestracey@yahoo.com,2021-06-17T01:48:33
8652,Gabriella Brown,andrea41@example.com,2022-02-11T16:35:50
7663,Jeffrey Bennett MD,ambergibson@yahoo.com,2021-03-24T02:03:16
8557,Keith Rocha,bgarcia@outlook.com,2020-09-27T21:22:42
2335,Samantha Padilla,william67@yahoo.com,2022-11-19T10:20:00
6939,Travis Mcdonald,nelsonkatrina@example.com,2023-08-09T22:00:34
9525,Shawn Ortiz,jonesjulie@company.org,2024-03-21T01:34:04
8409,Erin Hampton,fmason@yahoo.com,2024-11-20T09:17:38
1683,David Guzman,deborah90@outlook.com,2020-07-07T22:43:20
8511,Rebecca Gill,rachel35@gmail.com,2020-12-30T15:28:15
8299,Deanna Jackson,jordancynthia@outlook.com,2021-08-20T01:27:48
4815,Paige Strong,pamela43@gmail.com,2023-04-30T09:37:03
7420,Tyler Moon,agarcia@yahoo.com,2021-08-06T10:52:57
4413,Ana Coleman,hendersonsheila@outlook.com,2024-08-12T00:01:50
4558,Jorge Russell,megan72@outlook.com,2022-01-13T15:05:31
5185,Melissa James,matthew63@outlook.com,2021-09-04T21:37:02
3470,Jamie Brown,jo01@gmail.com,2023-06-18T03:43:54
9800,James Gonzalez,lovewilliam@gmail.com,2024-11-19T14:36:54
8449,Christine Pierce,kelliejordan@company.org,2020-05-25T20:21:20
1075,Darryl Lopez,isilva@yahoo.com,2024-05-26T20:16:10
1182,Margaret Johnston,angela16@yahoo.com,2021-12-21T00:27:34
3858,David Rodriguez,meredith16@company.org,2024-06-17T14:52:16
6552,Theodore Collins,hillhenry@gmail.com,2024-08-22T11:57:36
2325,Michael Hernandez,ejacobson@company.org,2020-07-28T22:47:59
7112,Rita Miller,dmcdowell@gmail.com,2024-09-03T06:56:08
4714,Kathleen Santos,yjimenez@gmail.com,2022-03-07T22:25:19
9925,Lisa Daniel,@yshaw,2021-07-27T20:05:05
4180,Tara Franco,plawrence@outlook.com,2023-10-03T02:22:46
6269,Cassandra Burnett,malloryhoffman@outlook.com,2020-06-14T14:54:38
2201,Angela Gonzales,jeffersondavid@yahoo.com,2022-09-24T21:52:36
6694,Teresa Shields,oharper@gmail.com,2024-03-23T05:11:59
3850,Carrie Lewis,josephcarter@gmail.com,2024-05-23T22:54:20
9263,Victoria Chavez,robertgreen@outlook.com,2022-06-11T07:25:20
5996,Anthony Dickson,annajenkins@company.org,2020-09-26T22:14:11
3989,Jennifer Thompson,david92@company.org,2021-03-30T09:57:44
8281,Michael Johnston,michael72@yahoo.com,2023-11-18T21:43:14
5601,Veronica Gill,randerson@company.org,2021-10-01T12:23:34
2784,Vernon York,hendersonalexandra@example.com,2021-12-17T14:25:49
5081,Stephanie Floyd,ashley45@gmail.com,2022-09-30T03:58:54
3099,Michelle Vargas,knewton@yahoo.com,2024-07-10T02:05:02
9414,Joel Moses,marc99@outlook.com,2020-02-07T00:07:43
1428,Corey Lewis,jacquelinedonaldson@outlook.com,2022-02-08T15:10:47
2203,Nicole Gibson,vbennett@example.com,2022-01-11T05:42:05
4542,Heather Reed,johnsonpatricia@company.org,2021-12-14T12:51:03
2330,Theresa Welch,chase16@yahoo.com,2022-05-01T14:22:20
7300,Brooke Padilla,xjones@outlook.com,2021-12-01T22:33:26
3872,David Oconnor,dswanson@outlook.com,2021-04-27T17:25:38
9905,Michael Williams,diana00@yahoo.com,2020-06-13T02:35:25
1368,Mrs. Sarah Hunter DVM,jclark@yahoo.com,2023-04-28T09:50:43
1417,Matthew Reed,andrea16@gmail.com,2024-05-13T12:07:23
6315,Kevin Shepard,rmarquez@example.com,2021-07-28T05:15:27
6772,Anthony Ochoa,john31@example.com,2023-01-25T00:56:01
6446,Dave Garner,russelljoseph@gmail.com,2020-08-18T07:08:01
9469,Luis Love,hector65@outlook.com,2020-11-28T17:44:06
7061,Marie Bell,lucas14@yahoo.com,2023-02-22T15:48:21
3071,Jonathan Raymond,paigepatton@gmail.com,2020-07-24T23:19:53
1258,John Osborn,michaelruiz@example.com,2021-04-04T13:36:08
1052,Terry Steele,timothy82@gmail.com,2024-04-07T22:50:32
9930,Thomas Wyatt,mwatkins@example.com,2020-06-08T01:01:05
6521,Christopher Williams,twalker@outlook.com,2023-08-30T01:35:05
2730,Michael Moore,qford@outlook.com,2020-08-13T18:11:14
5535,Michael Johnson,qwang@yahoo.com,2024-12-01T11:40:19
7027,Tyler Simpson,noahjohnson@gmail.com,2024-09-21T15:03:33
1267,Nathan Young,melissawhite@outlook.com,2023-02-25T06:37:19
6953,Deborah Pierce,gloriagreen@yahoo.com,2023-03-24T04:03:36
7172,Austin Lee,sabrina63@company.org,2024-10-25T10:01:11
5080,Tyler Riddle,johnrussell@gmail.com,2023-05-13T02:17:53
2819,Jackson Valenzuela,adamsmario@example.com,2022-09-18T01:16:14
9686,Joann Phillips,uphelps@company.org,2021-10-20T21:00:09
2146,Gregory Morris,morganmichelle@example.com,2021-02-22T04:24:24
3175,Karla Martinez,baileyjennifer@yahoo.com,2020-12-26T22:40:02
7623,Brittany Stewart,wyattchristine@outlook.com,2020-08-13T05:43:34
6981,Sandra Robbins,ashley98@gmail.com,2020-08-06T23:40:45
2278,Michael Jarvis,msmith@example.com,2020-11-13T19:10:18
7324,Sandra Tucker,michellemcclure@gmail.com,2020-11-10T04:41:06
8103,Jeffrey Gregory,mccoyanthony@gmail.com,2021-09-02T12:59:43
6250,Whitney Howell,michaelhinton@outlook.com,2020-02-10T15:32:02
2869,William Collins,katherinephillips@yahoo.com,2021-03-05T23:45:53
1628,Laura Nichols,stevewilkinson@,2021-12-28T16:47:02
3363,Lawrence Barker,qpayne@yahoo.com,2023-05-01T21:20:23
4851,Sandra Mercado,rabbott@gmail.com,2021-11-12T16:10:47
1144,Jeffrey Wright,ucole@,2020-03-24T23:13:24
1330,Brendan Roy,@padillaapril,2021-04-24T11:22:12
5927,Lori Wallace,zsmith@,2024-08-13T22:02:40
2746,David Ortiz,ndickson@gmail.com,2023-10-04T05:10:39
9494,Lawrence Garrett,zhughes@yahoo.com,2023-06-08T09:30:57
7450,David Nguyen,buckleyrachael@company.org,2023-09-21T22:39:10
9673,Lori Newton,teresa65@outlook.com,2020-06-23T03:06:09
1269,Jacqueline Nguyen,barronyvonne@outlook.com,2022-11-18T12:45:24
9158,Jon Spencer,nharris@example.com,2021-07-01T09:07:06
7469,Brady Nguyen,kimpatricia@gmail.com,2020-02-19T01:50:04
5091,Kenneth Long,bridgeskathleen@gmail.com,2024-10-05T09:20:52
6678,Joanna Green,juan32@yahoo.com,2024-02-26T22:14:51
6519,Zachary Mora,janet08@outlook.com,2022-06-01T02:38:00
4652,Michael Wang,laurie21@example.com,2021-02-03T18:00:19
2312,Mr. Willie Jordan,richardkevin@example.com,2021-10-22T00:31:17
5904,Joseph Walker,steve79@yahoo.com,2020-12-11T06:42:37
1601,Amy Hull,sean53@outlook.com,2021-02-09T23:20:26
1287,Scott Bailey,klewis@example.com,2021-07-25T00:14:59
7759,Mr. George Watson,brianyoung@yahoo.com,2023-04-20T19:45:19
8737,Elizabeth Harris,williamsjacob@outlook.com,2021-04-01T10:06:47
7959,Krista Lee,ckirby@company.org,2020-04-13T03:50:00
7566,Karen Lee,jeffery25@yahoo.com,2024-09-21T21:00:49
6959,Earl Hanson,tommybarber@gmail.com,2022-03-24T03:15:07
1484,Joe Price,carl68@outlook.com,2020-02-27T05:03:14
4994,Steven Tran,michaelking@gmail.com,2021-05-11T22:08:31
8611,Erika Richards,nvang@company.org,2023-03-20T23:42:45
7538,Edward Freeman,fwiley@yahoo.com,2023-10-18T21:38:35
3831,Donald Jackson,fletchernicholas@yahoo.com,2020-09-07T02:50:26
7899,Samuel Rhodes,christinasimon@company.org,2020-05-11T10:39:39
6873,Steven Whitney,parkerglenn@gmail.com,2021-07-06T11:49:42
4229,Steven Perkins,millerrussell@gmail.com,2024-06-23T08:38:21
2503,Stephanie Harrington,paige53@company.org,2021-05-01T13:26:00
4868,Patricia Rivera,william58example.com,2023-09-18T02:03:38
8944,Sean Randall,marissawilliamson@company.org,2022-06-05T22:28:05
9331,Cynthia Flores,ywalker@example.com,2020-10-23T20:11:14
7443,Allison Bates,george40@yahoo.com,2024-01-12T09:13:24
8083,Abigail Ross,ryan57@company.org,2021-04-15T14:14:59
9555,Sheila Gomez,ncruz@yahoo.com,2023-05-16T19:47:07
8240,Jeffrey Donaldson,qjones@example.com,2021-08-24T15:26:35
3832,Rebecca Lloyd,tylerhinton@outlook.com,2021-10-07T05:28:25
6608,Brenda Crawford,mejiajustin@yahoo.com,2022-08-15T09:25:20
9380,Wanda Cruz,jasonarias@example.com,2023-08-25T09:29:01
8885,Darlene Hoffman,brandy81@example.com,2023-06-05T16:08:00
2169,Caitlin Lewis,nwilliams@yahoo.com,2022-06-27T22:00:52
2129,Richard Hamilton,bgray@example.com,2020-06-06T15:18:31
2459,David Cox,williamsbrian@outlook.com,2024-08-25T09:02:52
4496,Amy Sanders,rboyd@gmail.com,2022-09-25T03:27:05
4684,Sheryl Lopez,davidpope@gmail.com,2022-06-22T07:11:21
3929,Billy Bradford,jonesmichael@outlook.com,2020-10-29T22:40:26
4064,Alexa Morris,handerson@gmail.com,2020-08-19T02:32:10
7186,Christina Lopez,carlsonmark@example.com,2020-03-21T21:28:06
7957,Lindsay Cook,griffinrebecca@company.org,2021-11-11T09:48:37
5410,Theresa Macias,ubennett@gmail.com,2023-10-06T20:19:23
2496,Daniel Castillo,wwarren@outlook.com,2020-08-16T09:26:57
5067,Cody Fowler,pruittkayla@company.org,2021-04-25T07:18:57
1041,Kyle Gill,robinholmes@company.org,2021-07-09T22:04:07
9981,Bradley Jenkins,qmendoza@,2023-11-19T00:15:49
5503,Craig Ortiz,timothyrobinson@outlook.com,2022-06-18T20:45:12
7104,Marcus Diaz,sheparddavid@outlook.com,2023-08-01T19:35:18
5359,Greg Gonzales,luis50@example.com,2020-07-12T19:00:25
4305,Tracy Ward,kennethmooney@yahoo.com,2024-09-07T01:02:50
3118,Paul Edwards,wnelson@outlook.com,2023-01-27T11:51:29
6595,Jamie Bray,gibsonnicholas@company.org,2021-09-28T00:24:21
3140,Jordan Blair,wadealexander@outlook.com,2023-01-16T07:33:23
7007,Andrew Marquez,kariboyd@yahoo.com,2024-01-26T07:49:06
3790,Jason Daniel,@natalie39,2021-05-10T03:45:27
2264,Robert Carrillo,rcalhoun@outlook.com,2021-11-03T01:13:45
8804,Michael Schroeder,ebender@company.org,2023-05-15T10:37:46
4722,Kylie Liu,copelandmichael@yahoo.com,2024-06-28T05:45:50
7079,David Henry,heidigreen@gmail.com,2020-12-20T05:59:12
2099,Robert Sherman,kathryn97@gmail.com,2022-01-10T16:51:13
2356,Patricia Rose,josenelsonexample.com,2022-06-22T16:41:16
2803,Andrea Lopez,bauercaitlin@example.com,2020-02-12T15:13:49
7596,Brandon Boyd,ipeterson@example.com,2022-10-31T04:39:58
2214,Teresa Cobb,fisherbarbara@company.org,2022-03-02T11:40:30
3529,Harold Davies,gillespiedaisy@outlook.com,2023-05-17T23:20:49
9774,Austin Chavez,ruizjacob@gmail.com,2024-03-10T18:29:12
9077,Justin Jordan,sheiladominguez@company.org,2022-01-02T10:55:04
4790,John Williams,whitney61@outlook.com,2022-01-04T13:55:22
6958,Laura Allen,judith87@gmail.com,2020-06-14T09:35:05
6028,Darlene Matthews,brianmcdaniel@yahoo.com,2021-05-11T21:06:30
5603,Randall Smith,doughertybenjamin@company.org,2020-04-27T18:37:12
3158,Charles Ryan,mark02@gmail.com,2020-06-09T11:23:28
3294,Larry Avila,anna74@,2024-04-18T11:57:47
2661,Brian Bird,meganwilliams@company.org,2020-09-22T06:06:52
7161,Gary Elliott,martin10@gmail.com,2020-11-15T02:19:27
8065,Donna Welch,mercerjennifer@gmail.com,2021-01-20T23:23:23
5914,Ronald Carrillo,valenciajohn@example.com,2021-03-01T15:26:26
4903,Stephanie Wilkerson,pughkaylee@example.com,2022-08-22T12:55:54
8952,Jeffrey Hensley,jlawrence@yahoo.com,2022-03-11T18:32:21
9815,Angela Singleton,smithjesus@gmail.com,2023-02-21T04:23:24
7879,Karen Strickland,ugarcia@gmail.com,2020-10-06T23:33:15
8725,Mary Marks,clarkgeorge@example.com,2020-04-23T11:18:42
3380,Richard Carson,@darrell01,2023-09-22T15:49:46
4187,Robert Middleton,tranlaura@gmail.com,2021-07-18T16:25:26
3194,Roger Scott,catherinebarnes@gmail.com,2022-06-30T09:27:52
7766,Sarah Marquez,rweiss@example.com,2021-10-13T15:27:29
5680,Olivia Conway,marcus38@yahoo.com,2022-08-14T15:38:46
5464,Jennifer Martin,andrew92@gmail.com,2023-01-22T20:16:14
9929,Raymond Cohen,sean21@yahoo.com,2024-10-01T18:02:59
7833,Veronica Solis,gregoryjohn@company.org,2021-08-01T22:25:24
2184,Christina Hodge,smithkristina@outlook.com,2024-07-09T02:39:05
4181,Angela Meyers,brettgilbert@outlook.com,2022-07-23T23:56:48
8176,Joshua Reeves,gross@outlook.com,2024-09-27T21:08:29
6155,Mary Buck,morgan53@example.com,2024-03-02T01:56:33
4008,Sean Harrison,michaelfisher@example.com,2023-04-29T04:37:54
7704,Joseph Clarke,eduardoduncan@yahoo.com,2021-09-20T11:21:14
2809,David Bradford,xsanchez@example.com,2023-05-28T15:56:36
9577,Eric Mckenzie,mary16example.com,2023-03-04T00:00:04
2611,Breanna Diaz,clarkpeter@gmail.com,2021-10-27T01:43:20
6924,James Hamilton,john00@outlook.com,2023-06-03T02:14:36
9879,Ashley Hess,randerson@company.org,2020-07-11T16:17:38
3261,Bradley Cox,gloria78@company.org,2021-09-26T03:47:51
7371,Diane Nelson,coreyortega@gmail.com,2021-12-11T19:37:40
7950,Katherine Rivera,shortjared@yahoo.com,2023-08-23T15:48:07
8109,Brian Ross,pcox@example.com,2020-08-29T23:31:09
4808,Holly Mayo,zamoraadam@gmail.com,2023-10-28T13:25:26
8626,Jonathan Reed,amygray@yahoo.com,2024-10-20T14:50:56
1865,Linda Lopez,sanchezdanielle@company.org,2022-07-01T09:48:38
4651,Paula Morgan,dstewart@yahoo.com,2023-08-24T05:10:37
3682,Ashley Wilson,thomas49@example.com,2023-10-10T05:07:06
6475,Sheryl Stevens,kimberly45@example.com,2023-02-09T04:32:58
3846,Joshua Thomas,xfuentes@gmail.com,2021-07-12T06:27:45
9462,Ronald Cole,samuel51@company.org,2023-07-23T22:05:09
1880,Teresa Edwards,swest@yahoo.com,2024-03-04T21:26:22
4295,Robert Snow,michael25@example.com,2020-05-16T00:20:15
2339,Deanna Miller,emilyhoward@yahoo.com,2020-08-03T05:05:57
3375,Stephanie Wilson,mitchell57@,2023-04-30T03:22:10
2224,Luke Wilson,staceyschmitt@gmail.com,2022-05-29T01:28:08
3171,Carrie Harris,bradfordpatrick@example.com,2020-05-23T20:08:34
2349,Cheryl Robertson,whiteheaddarren@yahoo.com,2022-05-08T10:58:41
2823,Jesse Colon,ismith@outlook.com,2020-06-10T03:40:58
3626,David Simmons,ann82@outlook.com,2020-03-21T20:20:12
9123,Sarah Allen,brian73@example.com,2022-02-04T06:25:35
6333,Catherine Matthews,megan70@company.org,2021-01-07T12:54:17
4141,Kenneth Hayes,richardsondavid@example.com,2022-10-06T01:30:36
8231,Jason Knox,erin54@yahoo.com,2022-05-01T22:17:26
3799,Cynthia Boyd,chad18@gmail.com,2020-06-29T16:22:56
8739,Emily Perry,megan27@company.org,2024-07-22T11:00:30
4749,Donald Burns,pdixon@company.org,2024-09-30T16:54:43
7969,Michelle Dixon,grossmorgan@yahoo.com,2023-12-29T03:07:18
9452,Mr. Ryan Myers,hannahburke@company.org,2023-08-23T21:12:15
2609,Joel Patel,gordonjennifer@gmail.com,2021-05-27T08:01:31
6558,Mathew Stafford,pwatson@gmail.com,2021-01-21T02:53:56
2994,Melissa Burgess,rrodriguez@outlook.com,2024-02-01T07:15:46
2552,Kerry Edwards,raymond09@outlook.com,2022-03-27T23:54:55
8005,Derrick Kelly,blacksandra@gmail.com,2021-02-16T08:07:46
9064,John Gay,laura70@gmail.com,2021-07-04T02:39:22
9956,Gabrielle Vega,thomas40@outlook.com,2023-12-09T14:00:47
6127,Katherine Nolan,kelly98@gmail.com,2022-01-31T11:43:48
5098,Jason Page,hutchinsonjennifer@gmail.com,2020-01-24T21:45:17
3328,Anne Nelson,thompsonmark@company.org,2024-05-11T08:38:29
2125,Pamela Sullivan,sarahbrown@company.org,2024-09-03T13:46:16
9336,Tyler Hall,mark40@outlook.com,2021-07-29T04:26:54
4017,Brenda Coleman,xbarnes@yahoo.com,2024-07-04T16:25:40
5716,Harold Aguilar,kennethwoods@gmail.com,2020-10-20T13:23:12
9303,Jennifer Harris,joseph70@outlook.com,2020-07-16T08:13:00
3983,Cole Allen,janderson@company.org,2021-02-11T22:38:12
6059,Lisa Rodriguez,xolson@company.org,2020-01-08T02:58:20
1185,Stephen Bowers MD,georgenicholas@gmail.com,2024-10-24T13:57:48
2160,Ian Brock,xsaunders@gmail.com,2023-12-22T09:41:16
4938,Stephen Lewis,mcmillanvictor@gmail.com,2021-01-27T13:49:09
4110,Amanda Clark,mbeasley@yahoo.com,2020-08-22T13:02:17
2883,Edward Gilbert,thomas17@outlook.com,2021-10-11T00:49:56
4894,Geoffrey Hinton,smithjames@example.com,2024-11-30T08:56:03
1278,Jeffrey Lutz,nancyrivera@example.com,2023-02-25T19:15:57
7501,Jessica Todd DVM,lawrence66@gmail.com,2021-06-13T10:46:28
9671,Angela Campbell,qmorales@gmail.com,2023-01-26T07:00:31
3246,Jessica Rogers,annette47@example.com,2021-02-25T23:03:44
4874,Diana Smith,christianrosales@gmail.com,2020-12-14T16:16:26
3009,Erica Brown,lopezbrooke@gmail.com,2024-06-17T05:21:28
3796,Cassandra Leach,garzaashley@outlook.com,2021-07-23T14:55:53
4077,Travis Patrick,haileybates@company.org,2023-06-17T03:46:04
5566,Richard Silva,marybrown@gmail.com,2020-07-30T12:43:13
4997,Thomas Maxwell,eevans@yahoo.com,2022-06-08T15:40:02
4761,Lauren Hunter,curtis41@outlook.com,2023-04-09T19:32:23
7286,Jacob Shelton,estewart@company.org,2022-05-26T17:26:30
3976,Sandra Johnson,rileytristan@yahoo.com,2020-11-03T01:59:08
1872,Vicki Reese,smithgail@gmail.com,2021-07-22T04:02:24
5817,Helen Shelton,dean73@company.org,2022-11-26T05:52:06
5993,Jeffrey White,jasonwest@outlook.com,2024-08-13T15:04:11
6361,Cameron Jordan,heather98@outlook.com,2024-01-08T06:31:43
2185,Kimberly Kaufman,cainoscar@outlook.com,2024-02-18T20:53:56
8657,Luis Hogan,rsmith@company.org,2021-01-02T15:33:50
9170,Kyle Moore,bvelez@yahoo.com,2023-07-19T03:28:26
6370,Max Anderson,thorntonheather@gmail.com,2020-06-17T23:37:11
4333,Teresa Blackburn,williamsonadrian@outlook.com,2024-04-29T07:00:05
1081,Brandi Bell,michelle91@gmail.com,2023-06-12T12:52:16
6161,Isaiah Gross,heather73@company.org,2020-11-23T14:37:03
7278,Terry Diaz,briansilva@gmail.com,2023-11-20T02:01:05
4625,Russell Curry,gabrielowen@gmail.com,2020-02-20T20:52:07
8945,Shannon Coleman,matthewcervantes@company.org,2024-08-21T00:24:11
1225,Bill Sweeney,larrystokes@company.org,2021-04-29T14:04:04
1930,Eileen Hensley,debrathomas@yahoo.com,2022-03-05T17:23:31
2410,Melissa Mueller,carrmichael@company.org,2022-08-18T04:56:39
3509,Kristine Hamilton,garzaalbert@yahoo.com,2023-08-18T21:33:23
1390,Brad Hardin,jacob25@example.com,2023-12-17T00:32:45
6940,Julie Garcia,bbaird@example.com,2024-05-17T14:33:04
5798,Angelica Alexander,alison98@outlook.com,2022-08-08T15:46:48
5401,Dustin Lozano,christopher04@yahoo.com,2021-10-08T14:16:36
8886,Robert Williams,susanstafford@outlook.com,2023-08-29T06:15:35
3578,Jennifer Cook,william92@example.com,2024-05-25T20:10:05
5538,Mark Stout,jennifertran@gmail.com,2020-09-30T06:07:56
6598,Lisa Mays,kennethwilliams@outlook.com,2022-07-26T12:47:58
2515,Mackenzie Rice,goodmanderek@outlook.com,2022-08-27T00:16:51
7539,Elizabeth Powell,carol10@gmail.com,2021-12-07T19:17:48
7855,Willie Smith,aaron38@example.com,2022-05-24T03:45:01
5430,Marissa Bryant,esmith@company.org,2021-03-21T19:54:55
1002,Cole Moore,elizabeth99@company.org,2023-09-08T17:31:38
3551,Sharon Rodriguez,lucasmichael@company.org,2022-03-29T07:12:31
7839,Aaron Henderson,mcculloughgavin@gmail.com,2024-10-13T03:59:05
3662,Megan Huynh,whitney80@example.com,2023-09-14T00:48:52
3840,Daniel Bailey,coconnor@gmail.com,2020-06-02T22:29:11
3135,Jennifer Hendrix,hhenderson@company.org,2021-12-02T21:58:53
3741,Jonathon Woodard,dfrey@outlook.com,2024-11-10T11:44:31
8851,Tracy Johnson,gregory19@yahoo.com,2022-07-24T13:52:19
5640,David Patterson,dsmithexample.com,2021-11-03T22:28:18
8059,Nancy Pratt,andrea24@gmail.com,2020-01-06T11:56:15
3211,Heather Brown,marcus95@outlook.com,2023-01-23T09:02:55
2310,Susan Lewis,egonzalez@gmail.com,2024-03-15T22:39:09
5070,Richard Shaw,clarkjenna@example.com,2024-01-14T02:34:09
2042,Jeffery Frederick,dakotagordon@example.com,2023-08-01T12:46:56
9694,Erica Mendoza,olawson@outlook.com,2024-08-13T10:06:40
8817,Kristen Avery,stephendonaldson@outlook.com,2021-06-09T09:00:06
7424,Sarah Koch,mbrown@yahoo.com,2024-12-11T04:05:32
9297,Andrea Lawrence,christopher38@outlook.com,2020-12-03T07:24:44
3593,Amy Wilson,schmittalexandra@example.com,2022-08-31T03:46:49
6268,Michelle Austin,kwinters@company.org,2020-05-06T20:43:46
6788,Michelle Mcdowell,ricardo87@yahoo.com,2023-12-24T02:51:09
3196,Samuel Mooney,tina22@company.org,2022-11-02T12:32:24
2810,Katherine Thompson,lauren53@yahoo.com,2021-03-11T07:37:36
6637,Holly Chavez,brandi19@gmail.com,2024-05-29T14:32:56
5243,Chris Powell,rodriguezbelinda@example.com,2024-03-30T06:18:34
1217,Miguel Tyler,mpennington@gmail.com,2024-01-15T15:17:48
6685,Richard Moore,nicole89@example.com,2023-06-13T12:07:56
8587,Scott Richards,ojamesexample.com,2022-07-24T16:30:35
5092,Dustin Decker,paulaphillips@example.com,2023-02-12T21:35:53
1541,Johnathan Johnson,samuel65@company.org,2023-03-12T00:51:50
4724,Kevin Mathis,valerie95@outlook.com,2022-07-05T21:11:51
5167,John James,scott03example.com,2023-02-16T12:29:57
5660,Austin Gutierrez,robertsbrandon@gmail.com,2021-09-14T18:06:58
3746,Lee Hammond,jeanortiz@yahoo.com,2020-04-20T11:53:36
7271,John Evans,kennedyallen@outlook.com,2023-07-12T18:44:09
7586,Laurie Bowen,stephenstark@gmail.com,2020-10-04T06:14:54
9159,Jennifer Kent,cgoodwin@yahoo.com,2021-08-06T14:04:47
8375,Bryan Gomez,scott94@gmail.com,2020-09-11T23:26:22
5094,Kenneth Bailey,richard71@gmail.com,2020-10-30T23:31:41
1557,Cheryl Owens,glenduran@outlook.com,2020-01-02T10:39:51
2742,Kara Adams,kempdawn@outlook.com,2020-03-09T20:42:36
3237,Martin Hamilton,nicolerich@gmail.com,2022-03-27T10:31:39
5301,Eric Whitehead,kyle31@company.org,2020-03-24T02:10:53
2889,John Doyle,angelapayne@gmail.com,2022-05-18T19:01:28
9399,Isaiah Glover,karenhuynh@yahoo.com,2022-08-19T01:53:16
1614,Mr. Nicholas Woodard,davidhaynes@yahoo.com,2022-10-29T00:47:13
8369,Cathy Weeks,bsimon@outlook.com,2021-06-21T05:15:15
6742,Eric Greene,douglasrandall@yahoo.com,2021-09-11T17:28:22
6167,Cindy Lewis,pamelaschneider@gmail.com,2021-06-16T21:39:16
8576,Dr. John Cooper MD,kellyjones@gmail.com,2021-01-18T22:09:27
5507,Steven Farmer,christinaramseyexample.com,2024-12-05T05:50:40
9661,Scott Morris,stacey07@yahoo.com,2022-06-03T12:42:40
3157,Jordan Glenn,philipcochran@company.org,2023-05-10T14:53:42
5027,Dawn Neal,moorenicole@example.com,2024-07-06T17:59:26
2687,Angela Bond,george08@yahoo.com,2022-07-15T02:02:24
4543,Debra Ramirez,vmiller@gmail.com,2023-06-24T22:26:40
4781,Alicia Silva,phillip85@gmail.com,2022-04-01T06:03:49
5807,Rebecca Hughes,carterjordan@gmail.com,2020-06-13T22:10:30
6725,Randy Ramirez,gibsonkenneth@yahoo.com,2023-03-15T03:07:33
5055,Jasmine Willis,cainmichael@example.com,2021-11-30T13:00:49
7173,Vanessa Lynch,donnabrock@company.org,2023-04-17T23:32:30
2815,Mr. Lucas Hansen,leejessica@company.org,2024-02-16T19:36:01
6421,Mrs. Brooke Jordan MD,jonesbelinda@example.com,2020-10-08T10:58:37
8424,Janet Thompson,khale@company.org,2024-09-11T21:20:19
3668,Jennifer Small DVM,yroberts@example.com,2021-09-04T13:21:09
4372,Lisa Ellis,coopercrystal@example.com,2024-10-15T15:21:36
9613,Craig Parks,oliviamurphy@company.org,2022-05-07T22:11:44
3645,Katie Vargas,oburton@company.org,2020-04-23T14:42:51
3844,Ryan Fox III,brandon98@company.org,2024-02-16T01:43:48
2826,Elizabeth Rogers,anne82@example.com,2022-01-22T13:55:28
9993,Eric Gregory,masonthomas@gmail.com,2020-11-30T20:17:17
8875,Aimee Martin,@egraves,2023-12-17T19:17:37
7640,Thomas Greer,johnsonlinda@yahoo.com,2020-06-14T18:39:07
2866,Monique Shah,richmiranda@example.com,2021-05-15T15:15:38
4626,Brian Holland,james19@yahoo.com,2020-02-26T18:57:06
6274,Devin Patterson,amy08@gmail.com,2024-03-12T18:03:16
2483,Michael Gilbert MD,tannerjacqueline@yahoo.com,2021-09-07T10:09:13
6513,Anthony Miller,ellen86@company.org,2021-03-01T09:17:38
7599,Nicole White,bryanlopez@company.org,2021-03-28T17:04:35
6593,Brian Hart,htucker@yahoo.com,2024-03-07T01:14:10
9756,Michael Smith,mollymiller@company.org,2021-11-08T02:50:25
2559,Ronald Ward,dthompson@company.org,2021-02-06T13:19:21
7266,Larry Rogers,qwang@yahoo.com,2024-03-10T17:36:42
5872,Maria Lee,timothy53@yahoo.com,2024-11-22T10:25:24
2456,Leah Webb,beckyleonard@gmail.com,2024-01-15T09:08:39
8308,Lynn Caldwell,martinezbrian@yahoo.com,2023-02-05T12:34:22
1139,Chris Gibson,jamesmoore@outlook.com,2024-02-08T06:51:30
6005,Christina Russell,robert86@gmail.com,2023-04-30T18:10:30
8034,Rebecca Baldwin,roblesthomas@gmail.com,2021-01-03T23:59:43
3484,James Stewart,johnsonjames@outlook.com,2023-05-24T22:21:07
2614,Rachel Martinez,alexandermeghan@yahoo.com,2020-09-21T11:18:03
2067,Zachary Heath,eric78@company.org,2024-05-28T07:15:31
4405,John Massey,@jason72,2020-11-24T19:27:16
1893,Jeremy Wilson,rgreen@gmail.com,2021-11-07T03:05:55
5551,Megan Jackson,garciaamber@company.org,2020-10-25T01:35:00
6105,Spencer Clark,steeleglenda@gmail.com,2020-05-27T04:46:32
7540,Matthew Peterson,leonlewis@gmail.com,2022-12-20T21:28:33
5502,Dennis Pena,laneamanda@gmail.com,2023-01-01T08:28:36
1463,Tina Jefferson,maureen25@company.org,2024-12-07T22:19:53
7847,Donna Sanchez,charles30@gmail.com,2024-01-09T19:40:39
9122,Joseph Leonard,garciaelizabethexample.com,2020-10-24T21:55:47
5237,Jane Duncan,charlenesparks@outlook.com,2020-04-01T13:50:47
7843,Edward Reynolds,nicholas75@outlook.com,2024-09-29T12:35:51
9614,Rebekah Collins,butlerdarryl@yahoo.com,2024-02-14T19:21:43
7388,Pamela Garcia,kylie33@gmail.com,2023-04-21T06:58:33
6363,Heather Hall,gonzalezalejandro@company.org,2022-05-26T19:02:27
6589,James Stone,christopherlambert@gmail.com,2020-10-03T20:31:43
9546,Larry Murphy,mark86@yahoo.com,2021-07-12T01:27:00
7745,Dr. Jorge Suarez,dnguyen@yahoo.com,2022-09-12T19:33:56
3156,Connie Brown,jsutton@yahoo.com,2023-12-20T11:14:57
5830,Sheila Walter,william52@yahoo.com,2023-02-28T20:34:00
2761,Danny Chapman,timothy63@outlook.com,2024-06-07T14:09:00
2304,Elizabeth Blanchard,fordgeorge@company.org,2024-12-08T22:22:03
4794,Allison Burke,johnsondebbie@yahoo.com,2024-09-20T17:28:21
5125,Caroline Chang,nancy48@company.org,2022-04-30T18:02:13
9604,Rhonda Russell,danielanderson@company.org,2021-07-24T04:51:00
6671,Lauren Myers,joseph21@gmail.com,2021-07-22T17:48:21
3822,William Boyd,xwilliams@gmail.com,2023-01-19T12:55:20
2583,Robert Hansen,eugeneevans@example.com,2023-06-25T09:06:55
5977,Michael Barry,ashlee08@yahoo.com,2023-03-28T09:01:19
8094,Stephanie Wolf,solomonmichael@gmail.com,2020-11-20T04:11:55
2536,Daniel Marks,garciachristopher@company.org,2020-04-04T09:51:31
8198,Tracey Wells,jrodriguez@company.org,2022-07-01T10:14:00
1375,Christopher Ritter,brandon28@yahoo.com,2022-10-06T13:04:34
2527,Gary Walker,ntorres@gmail.com,2023-05-27T06:41:29
5671,Susan Nelson,regina49@company.org,2021-06-22T10:54:27
3228,Renee Martinez,ygarcia@company.org,2024-06-10T13:43:12
3214,William Ellis,michael82@outlook.com,2022-05-31T13:38:15
5390,Nancy Robinson,wcochran@example.com,2020-08-10T00:53:53
4907,Marcia Perkins,paula79@yahoo.com,2023-12-28T03:47:51
6537,Carrie Allison,fhess@gmail.com,2024-05-27T02:29:58
8055,Sean Sanchez,hernandezrebecca@example.com,2024-01-02T04:24:35
1998,Joe Smith,leblancmary@gmail.com,2023-01-03T14:20:43
6804,Carolyn Bowman,nicholasperez@gmail.com,2021-01-02T19:01:30
2721,Abigail Gardner MD,terry10@company.org,2023-03-29T00:43:36
5863,Andrew King,hernandezthomas@gmail.com,2021-09-13T15:42:59
2223,Catherine Morales,hughesmelanie@yahoo.com,2020-07-13T21:08:22
4045,Christopher Dougherty,scottcandice@example.com,2021-06-21T13:15:57
2463,James Grant,kennethbarber@gmail.com,2022-11-26T13:22:40
8006,Lucas Jones,freyfranciscoexample.com,2022-11-10T03:19:13
5812,Kimberly Cortez,thorntonelizabeth@company.org,2024-08-16T23:23:51
9168,Kelly Delgado,melissabrooks@company.org,2020-04-17T19:06:44
6517,Sheila Adams,mirandablake@gmail.com,2021-04-12T11:15:43
1472,John Owen,timsmith@example.com,2020-09-28T14:23:38
4845,Shawn Chen,reedtammy@company.org,2023-09-16T21:06:12
5073,Danielle Castillo,mking@example.com,2022-09-08T15:34:08
5142,Debra Rodriguez,qstevenson@gmail.com,2022-05-17T10:43:37
9255,William Lewis,ngriffin@outlook.com,2020-10-26T04:00:43
9675,Meghan Lyons,matthewwilliams@gmail.com,2020-09-10T08:42:08
2165,Eric Walker,davidbryantexample.com,2022-10-22T07:13:40
7384,Lorraine Drake,davidbooker@gmail.com,2024-10-05T10:53:02
3689,Krista Hampton,maria97@yahoo.com,2020-12-30T01:17:19
5738,Rebecca Hays,daniel29@outlook.com,2023-02-02T18:22:38
5440,John Peterson,martin59@,2021-04-25T22:18:52
9456,Teresa Butler,kevin93@yahoo.com,2021-11-03T08:46:34
6750,Christopher Hayes,colleen94@yahoo.com,2023-01-28T09:16:48
4569,Rachael Anderson,alyssa62@example.com,2023-09-28T16:43:03
3361,Karen Farrell,calebmays@outlook.com,2021-06-01T14:44:38
2034,Melissa Moran,johnsonerica@example.com,2021-01-02T06:27:31
6602,Tammy Pearson,qyork@gmail.com,2022-05-02T15:37:20
8475,Teresa Cooper,shane65@gmail.com,2021-03-12T22:03:26
1982,Christopher West,james97@gmail.com,2024-08-18T11:58:48
3033,Donald Myers,tayloramanda@gmail.com,2024-07-10T20:19:33
7017,Christine Skinner DDS,paulabradley@gmail.com,2021-01-13T05:15:40
7894,Kelly Hoffman,lejulia@yahoo.com,2021-02-20T02:03:53
3161,John Ellison,petersonamy@outlook.com,2021-09-19T14:03:41
3978,Madison Jimenez,mgeorgeexample.com,2023-03-05T08:19:40
6547,Frank Cobb,zdawson@yahoo.com,2020-06-21T14:54:39
3843,Taylor Valdez,vperry@yahoo.com,2021-08-09T10:52:54
2678,Jordan Weber DDS,normanmary@yahoo.com,2023-05-13T17:04:11
1273,Christine Le,stanleypatrick@outlook.com,2023-02-06T11:06:54
7701,Brianna Hawkins,williamsnorman@yahoo.com,2020-08-06T17:13:38
1778,Alexandria Brown,kspence@example.com,2023-01-11T16:33:10
1056,Jessica Lopez,dnunez@company.org,2024-10-17T21:53:17
1038,Jessica Hoffman,antonioromero@,2023-10-25T14:45:21
2329,Brady Hubbard,smithmax@outlook.com,2022-10-14T13:14:38
2126,Lauren Santos,robert82@outlook.com,2022-03-02T03:20:37
2820,Barbara Allen,andrew39@company.org,2021-04-20T13:15:26
4535,Emily Paul,glassmarilyn@company.org,2024-01-31T17:40:59
1004,Jacob Craig,underwoodlindsay@example.com,2021-01-27T19:43:11
1951,William David,veronica75@company.org,2023-08-17T17:06:47
7238,Evelyn Campbell,lavila@gmail.com,2024-04-15T23:47:35
6907,Elizabeth Hicks,tony39@,2024-08-18T13:43:27
8011,Jeffrey Lewis,holmeschristopher@example.com,2022-08-21T02:19:51
9197,Kathleen Martin,victor52@yahoo.com,2021-03-27T12:23:42
5215,Melvin Green,iwright@yahoo.com,2022-05-15T00:52:13
2164,Sonya Oliver,denise43@yahoo.com,2022-09-13T04:04:07
9087,Alexis Blackburn DDS,williamslindsay@example.com,2020-02-25T06:24:23
7373,Andrew Herrera,zachary04@example.com,2020-10-10T21:09:27
8674,Valerie Richards,jonesjimmy@outlook.com,2020-09-08T11:24:15
8623,Taylor Taylor,wrivera@gmail.com,2022-07-09T20:09:41
4726,Eric Wolfe,tony76@gmail.com,2023-11-20T16:42:58
2423,Aaron Anderson,xmoore@example.com,2024-02-17T06:50:42
8428,Alexander Padilla,rebeccahouston@outlook.com,2021-12-10T10:14:42
6979,Gary Miller,beverlygreen@yahoo.com,2022-02-09T06:44:44
7911,Nicholas Avila,christopherruiz@outlook.com,2020-06-30T19:11:03
5324,Cynthia Valdez,martinezdonna@example.com,2021-09-29T08:40:47
2111,Ashley Santiago,olivermichaela@gmail.com,2020-06-03T06:18:54
1293,Diamond Gilbert,collin52@yahoo.com,2021-12-18T16:29:14
5265,Alexander Smith,matthew89@company.org,2023-05-13T19:55:11
7391,Christopher Soto,patriciamiller@gmail.com,2024-03-28T12:51:21
8640,Joshua Reed,darius13@example.com,2021-01-04T01:41:43
9157,Glen Bush,chernandez@gmail.com,2023-07-02T01:52:01
1631,Bryan Bell,colonkathy@company.org,2023-08-20T00:36:27
7628,Krista Reynolds,scottkevin@outlook.com,2024-07-10T13:19:29
7841,Kaitlyn Higgins,victoria93@gmail.com,2024-10-03T20:15:23
2833,Philip Martinez,morganlucas@outlook.com,2024-01-05T10:47:04
4676,Martin Montoya,jamesbanks@gmail.com,2020-02-21T21:05:59
5857,Carol Castillo,ygordon@company.org,2023-07-29T15:34:44
8584,Robert Martinez,amyoneal@gmail.com,2023-11-07T21:40:00
8639,Mathew Perez,chad77@outlook.com,2020-05-04T04:07:46
7967,Erica James,tammy44@company.org,2023-10-17T04:27:03
9514,Steven Jackson,ujohnson@gmail.com,2020-02-04T01:36:14
7299,Jonathan Lin,preston07@outlook.com,2024-02-22T21:16:39
4641,Emily Glover,@rojasdonald,2023-04-25T03:59:40
4093,Lisa Franklin,gbrown@company.org,2023-01-14T12:17:40
1286,Tammy Smith,loridodson@company.org,2023-03-19T20:53:01
7024,Sandra Scott,stephanie64@yahoo.com,2021-12-27T09:30:25
7995,Kelly Silva,jeffreycampbell@gmail.com,2023-07-18T20:06:38
5204,Phillip Roach,stewartmichelle@outlook.com,2023-01-09T16:53:34
7874,Robert Murphy,jessica25@,2023-03-03T05:20:13
4913,Candice Thompson,wallacemelanie@company.org,2021-08-27T05:11:16
5947,Heather Schmitt,joanna53@company.org,2024-04-12T14:02:09
5686,Brianna Hernandez,morenosherry@outlook.com,2023-07-27T23:36:37
2103,Paul Russell,hlee@yahoo.com,2023-11-15T11:48:11
7439,Bobby Sandoval,@josephmack,2024-12-10T00:17:03
1078,Monica Martin,igreen@company.org,2021-11-03T13:29:49
1295,Jeffrey Love,cody59@example.com,2020-07-14T13:41:17
9018,Grant Miller,smallsonya@outlook.com,2022-04-11T09:03:33
7689,Charles Murphy,robertsyolanda@yahoo.com,2023-09-16T01:41:48
6234,Earl Briggs,pparker@company.org,2022-08-03T15:07:58
